{
    "resources": [
        {
            "name": "../risks/index.html"
        },
        {
            "name": "../risks/manifest.json"
        },
        {
            "name": "../risks/Component.js"
        },
        {
            "name": "../risks/manifest-bundle.zip"
        },
        {
            "name": "../risks/Component-preload.js",
            "merged": true
        },
        {
            "name": "../risks/Component-dbg.js",
            "isDebug": true
        },
        {
            "name": "../../sap-ui-version.json"
        },
        {
            "name": "../risks/i18n/i18n.properties",
            "raw": "i18n/i18n.properties"
        }
    ]
}