{
    "welcomeFile": "/index.html",
    "authenticationMethod": "route",
    "logout": {
      "logoutEndpoint": "/do/logout"
    },
    "routes": [
      {
        "authenticationType": "none",
        "csrfProtection": false,
        "source": "^/service/risk/",
        "destination": "risk_service_fiori_i538951_dest"
      },
      {
        "source": "^(.*)$",
        "target": "$1",
        "service": "html5-apps-repo-rt",
        "authenticationType": "xsuaa"
      }
    ]
  }